{"NormalsDuplicatesVertIndexs":[[0,1,2],[1,4,7],[3,2,7]],"EdgeDuplicatesVertIndexs":[[0,1],[1,2],[1,4]],"NormalsDuplicatesVertIndepent":[],"VerticesDuplicates":[[0.500000,-0.500000,0.500000],[0.500000,0.500000,0.500000],[-0.500000,0.500000,0.500000],[-0.500000,-0.500000,0.500000],[0.500000,0.500000,-0.500000],[0.500000,-0.500000,-0.500000],[-0.500000,-0.500000,-0.500000],[-0.500000,0.500000,-0.500000]]}