{"NormalsDuplicatesVertIndexs":[[0,4,5],[8,1,0],[7,9,8],[10,2,-1]],"EdgeDuplicatesVertIndexs":[[0,5],[4,5],[8,0],[7,8]],"NormalsDuplicatesVertIndepent":[[0.000000,0.500000,0.000000]],"VerticesDuplicates":[[0.250000,0.500000,0.433013],[0.250000,-0.500000,0.433013],[-0.250000,0.500000,-0.433013],[-0.250000,-0.500000,-0.433013],[0.500000,-0.500000,0.000000],[0.500000,0.500000,0.000000],[-0.500000,-0.500000,0.000000],[-0.500000,0.500000,0.000000],[-0.250000,0.500000,0.433013],[-0.250000,-0.500000,0.433013],[0.250000,0.500000,-0.433013],[0.250000,-0.500000,-0.433013]]}