{"NormalsDuplicatesVertIndexs":[[0,1,2]],"EdgeDuplicatesVertIndexs":[[0,1],[3,0],[1,4],[5,3],[4,6],[7,5],[6,8],[9,7],[8,10],[11,9]],"NormalsDuplicatesVertIndepent":[],"VerticesDuplicates":[[-0.475526,-0.000463,-0.154508],[-0.499998,-0.000463,0.000000],[0.000000,-0.000463,0.000000],[-0.404507,-0.000463,-0.293891],[-0.475527,-0.000463,0.154508],[-0.293891,-0.000463,-0.404507],[-0.404507,-0.000463,0.293892],[-0.154508,-0.000463,-0.475526],[-0.293892,-0.000463,0.404507],[0.000000,-0.000463,-0.499998],[-0.154508,-0.000463,0.475526],[0.154508,-0.000463,-0.475526],[0.000000,-0.000463,0.499998],[0.293891,-0.000463,-0.404507],[0.154508,-0.000463,0.475526],[0.404507,-0.000463,-0.293891],[0.293891,-0.000463,0.404507],[0.475526,-0.000463,-0.154508],[0.404507,-0.000463,0.293891],[0.499998,-0.000463,0.000000],[0.475526,-0.000463,0.154508]]}