{"NormalsDuplicatesVertIndexs":[[0,1,4],[6,1,0],[8,1,6],[10,1,8],[12,1,10],[14,1,12],[16,1,14],[4,1,16],[4,20,18],[0,18,22],[6,22,24],[8,24,26],[10,26,28],[12,28,30],[14,30,32],[16,32,20],[20,36,34],[18,34,38],[22,38,40],[24,40,37],[26,37,35],[28,35,39],[30,39,41],[32,41,36]],"EdgeDuplicatesVertIndexs":[[0,1],[0,4],[1,4],[6,1],[6,0],[8,1],[8,6],[10,1],[10,8],[12,1],[14,1],[16,1],[4,20],[18,0],[22,6],[24,8],[26,10],[28,12],[30,14],[32,16],[20,36],[34,18],[38,22],[40,24],[37,26],[35,28],[39,30],[41,32]],"NormalsDuplicatesVertIndepent":[],"VerticesDuplicates":[[0.000000,-0.433013,-0.250000],[0.000000,-0.500000,0.000000],[0.000000,0.500000,0.000000],[0.000000,0.433013,0.250000],[-0.176777,-0.433013,-0.176777],[0.176777,0.433013,0.176777],[0.176777,-0.433013,-0.176777],[-0.176777,0.433013,0.176777],[0.250000,-0.433013,0.000000],[-0.250000,0.433013,0.000000],[0.176777,-0.433013,0.176777],[-0.176777,0.433013,-0.176777],[0.000000,-0.433013,0.250000],[0.000000,0.433013,-0.250000],[-0.176777,-0.433013,0.176777],[0.176777,0.433013,-0.176777],[-0.250000,-0.433013,0.000000],[0.250000,0.433013,0.000000],[0.000000,-0.250000,-0.433013],[0.000000,0.250000,0.433013],[-0.306186,-0.250000,-0.306186],[0.306186,0.250000,0.306186],[0.306186,-0.250000,-0.306186],[-0.306186,0.250000,0.306186],[0.433013,-0.250000,0.000000],[-0.433013,0.250000,0.000000],[0.306186,-0.250000,0.306186],[-0.306186,0.250000,-0.306186],[0.000000,-0.250000,0.433013],[0.000000,0.250000,-0.433013],[-0.306186,-0.250000,0.306186],[0.306186,0.250000,-0.306186],[-0.433013,-0.250000,0.000000],[0.433013,0.250000,0.000000],[0.000000,0.000000,-0.500000],[0.000000,0.000000,0.500000],[-0.353553,0.000000,-0.353553],[0.353553,0.000000,0.353553],[0.353553,0.000000,-0.353553],[-0.353553,0.000000,0.353553],[0.500000,0.000000,0.000000],[-0.500000,0.000000,0.000000]]}